{
    "parent": "item/generated",
    "textures": {
        "layer0": "item/leather_helmet",
        "layer1": "item/leather_helmet_overlay"
    },
	"overrides": [
		{ "_comment": "Miscellaneous",
		  "predicate": {"custom_model_data": 3000}, "model": "item/hats/fez"},
		{ "predicate": {"custom_model_data": 3001}, "model": "item/hats/squid"},
		{ "predicate": {"custom_model_data": 3002}, "model": "item/hats/arrow"},
		{ "predicate": {"custom_model_data": 3003}, "model": "item/hats/frying_pan"},
		
		{ "_comment": "Tophats",
		  "predicate": {"custom_model_data": 3100}, "model": "item/hats/tophats/white"},
		{ "predicate": {"custom_model_data": 3101}, "model": "item/hats/tophats/orange"},
		{ "predicate": {"custom_model_data": 3102}, "model": "item/hats/tophats/magenta"},
		{ "predicate": {"custom_model_data": 3103}, "model": "item/hats/tophats/light_blue"},
		{ "predicate": {"custom_model_data": 3104}, "model": "item/hats/tophats/yellow"},
		{ "predicate": {"custom_model_data": 3105}, "model": "item/hats/tophats/lime"},
		{ "predicate": {"custom_model_data": 3106}, "model": "item/hats/tophats/pink"},
		{ "predicate": {"custom_model_data": 3107}, "model": "item/hats/tophats/gray"},
		{ "predicate": {"custom_model_data": 3108}, "model": "item/hats/tophats/light_gray"},
		{ "predicate": {"custom_model_data": 3109}, "model": "item/hats/tophats/cyan"},
		{ "predicate": {"custom_model_data": 3110}, "model": "item/hats/tophats/purple"},
		{ "predicate": {"custom_model_data": 3111}, "model": "item/hats/tophats/blue"},
		{ "predicate": {"custom_model_data": 3112}, "model": "item/hats/tophats/brown"},
		{ "predicate": {"custom_model_data": 3113}, "model": "item/hats/tophats/green"},
		{ "predicate": {"custom_model_data": 3114}, "model": "item/hats/tophats/red"},
		{ "predicate": {"custom_model_data": 3115}, "model": "item/hats/tophats/black"},
		{ "predicate": {"custom_model_data": 3116}, "model": "item/hats/tophats/rainbow"},
		{ "predicate": {"custom_model_data": 3117}, "model": "item/hats/tophats/black_monocle"},
		
		{ "_comment": "Cats",
		  "predicate": {"custom_model_data": 3120}, "model": "item/hats/cats/ocelot"},
		{ "predicate": {"custom_model_data": 3121}, "model": "item/hats/cats/tabby"},
		{ "predicate": {"custom_model_data": 3122}, "model": "item/hats/cats/tuxedo"},
		{ "predicate": {"custom_model_data": 3123}, "model": "item/hats/cats/red"},
		{ "predicate": {"custom_model_data": 3124}, "model": "item/hats/cats/siamese"},
		{ "predicate": {"custom_model_data": 3125}, "model": "item/hats/cats/british_shorthair"},
		{ "predicate": {"custom_model_data": 3126}, "model": "item/hats/cats/calico"},
		{ "predicate": {"custom_model_data": 3127}, "model": "item/hats/cats/persian"},
		{ "predicate": {"custom_model_data": 3128}, "model": "item/hats/cats/ragdoll"},
		{ "predicate": {"custom_model_data": 3129}, "model": "item/hats/cats/white"},
		{ "predicate": {"custom_model_data": 3130}, "model": "item/hats/cats/jellie"},
		{ "predicate": {"custom_model_data": 3131}, "model": "item/hats/cats/black"},
		
		{ "_comment": "Glasses",
	      "predicate": {"custom_model_data": 3140}, "model": "item/hats/glasses/sunglasses"},
		{ "predicate": {"custom_model_data": 3141}, "model": "item/hats/glasses/harry_potter"},
		{ "predicate": {"custom_model_data": 3142}, "model": "item/hats/glasses/half_rim"},
		{ "predicate": {"custom_model_data": 3143}, "model": "item/hats/glasses/rainbow"},
		{ "predicate": {"custom_model_data": 3144}, "model": "item/hats/glasses/librarian"},
		{ "predicate": {"custom_model_data": 3145}, "model": "item/hats/glasses/three_d"},
		
		{ "_comment": "Accessories",
		  "predicate": {"custom_model_data": 3150}, "model": "item/hats/accessories/ninja_headband"},
		{ "predicate": {"custom_model_data": 3151}, "model": "item/hats/accessories/steve_mask"},
		{ "predicate": {"custom_model_data": 3152}, "model": "item/hats/accessories/alex_mask"},
		{ "predicate": {"custom_model_data": 3153}, "model": "item/hats/accessories/snorkel_mask_blue"},
		{ "predicate": {"custom_model_data": 3154}, "model": "item/hats/accessories/snorkel_mask_red"},
		{ "predicate": {"custom_model_data": 3155}, "model": "item/hats/accessories/googly_eyes"},
		
		{ "_comment": "Villager related",
		  "predicate": {"custom_model_data": 3160}, "model": "item/hats/villager/armorer"},
		{ "predicate": {"custom_model_data": 3161}, "model": "item/hats/villager/farmer"},
		{ "predicate": {"custom_model_data": 3162}, "model": "item/hats/villager/nose"},

		{ "_comment": "Mario", 
		  "predicate": {"custom_model_data": 3170}, "model": "item/hats/mario/mario_cap"},
		{ "predicate": {"custom_model_data": 3171}, "model": "item/hats/mario/luigi_cap"},
		{ "predicate": {"custom_model_data": 3172}, "model": "item/hats/mario/cappy"},
		{ "predicate": {"custom_model_data": 3173}, "model": "item/hats/mario/toad_red"},
		{ "predicate": {"custom_model_data": 3174}, "model": "item/hats/mario/toad_blue"},
		{ "predicate": {"custom_model_data": 3175}, "model": "item/hats/mario/toad_yellow"},
		{ "predicate": {"custom_model_data": 3176}, "model": "item/hats/mario/toad_green"},
		{ "predicate": {"custom_model_data": 3177}, "model": "item/hats/mario/mario"},
		{ "predicate": {"custom_model_data": 3178}, "model": "item/hats/mario/luigi"}
	]
}
