{
    "parent": "item/handheld",
    "textures": {
        "layer0": "item/leather_helmet",
		"layer1": "item/leather_helmet_overlay"
    },
    "overrides": [
		{"predicate": {"damaged": 0,"damage": 0.91071428571}, "model": "mechanization:gadgets/structural_helmet"},
		{"predicate": {"damaged": 0,"damage": 0.92857142857}, "model": "mechanization:gadgets/copper_helmet"},
		{"predicate": {"damaged": 0,"damage": 0.94642857142}, "model": "mechanization:gadgets/tin_helmet"},
		{"predicate": {"damaged": 0,"damage": 0.96428571428}, "model": "mechanization:gadgets/steel_helmet"},
		{"predicate": {"damaged": 0,"damage": 1.0}, "model": "mechanization:gadgets/titanium_helmet"},
		{"predicate": {"damaged": 1,"damage": 0}, "model": "item/leather_helmet"}
	]
}
