{
    "parent": "item/handheld",
    "textures": {
        "layer0": "item/leather_chestplate",
		"layer1": "item/leather_chestplate_overlay"
    },
    "overrides": [
		{"predicate": {"damaged": 0,"damage": 0.93827160493}, "model": "mechanization:gadgets/structural_chestplate"},
		{"predicate": {"damaged": 0,"damage": 0.95061728395}, "model": "mechanization:gadgets/copper_chestplate"},
		{"predicate": {"damaged": 0,"damage": 0.96296296296}, "model": "mechanization:gadgets/tin_chestplate"},
		{"predicate": {"damaged": 0,"damage": 0.97530864197}, "model": "mechanization:gadgets/steel_chestplate"},
		{"predicate": {"damaged": 0,"damage": 1.0}, "model": "mechanization:gadgets/titanium_chestplate"},
		{"predicate": {"damaged": 1,"damage": 0}, "model": "item/leather_chestplate"}
	]
}
