{
	"__comment": "Created by Oran9eUtan",
	"textures": {
		"particle": "item/hats/accessories/sunglasses",
		"texture": "entity/villager/profession/armorer"
	},
	"elements": [ 	 
		{
			"__comment": "front",
			"from": [ 4, 4.25, 4 ],
			"to": [ 12, 12.25, 4.005 ],
			"faces": {
				"north": { "uv": [ 10, 2, 12, 4 ], "texture": "#texture" },
				"south": { "uv": [ 12, 2, 10, 4 ], "texture": "#texture" }
			}
		},
		{
			"__comment": "back",
			"from": [ 4, 4.25, 12 ],
			"to": [ 12, 12.25, 12.001 ],
			"faces": {
				"north": { "uv": [ 16, 2, 14, 4 ], "texture": "#texture" },
				"south": { "uv": [ 14, 2, 16, 4 ], "texture": "#texture" }
			}
		},
		{
			"__comment": "right",
			"from": [ 4, 4.25, 4 ],
			"to": [ 4.001, 12.25, 12 ],
			"faces": {
				"west": { "uv": [ 12, 2, 14, 4 ], "texture": "#texture" },
				"east": { "uv": [ 14, 2, 12, 4 ], "texture": "#texture" }
			}
		},
		{
			"__comment": "left",
			"from": [ 12, 4.25, 4 ],
			"to": [ 12.001, 12.25, 12 ],
			"faces": {
				"west": { "uv": [ 10, 2, 8, 4 ], "texture": "#texture" },
				"east": { "uv": [ 8, 2, 10, 4 ], "texture": "#texture" }
			}
		},
		{
			"__comment": "top",
			"from": [ 4, 12.25, 4 ],
			"to": [ 12, 12.251, 12 ],
			"faces": {
				"down": { "uv": [ 10, 2, 12, 0 ], "texture": "#texture", "rotation": 180 },
				"up": { "uv": [ 10, 0, 12, 2 ], "texture": "#texture", "rotation": 180 }
			}
		}
	],
	"display": {
		"thirdperson_righthand": {
			"rotation":  [ 70, 0, 0 ],
			"translation":  [ 0, -3, 0 ],
			"scale":  [ 0.9, 0.9, 0.9 ]
		},
		"thirdperson_lefthand": {
			"rotation":  [ 70, 0, 0 ],
			"translation":  [ 0, -3, 0 ],
			"scale":  [ 0.9, 0.9, 0.9 ]
		},
		"firstperson_righthand": {
			"rotation":  [ 80, 25, -90 ],
			"translation":  [ -3, -1, 2 ]
		},
		"firstperson_lefthand": {
			"rotation":  [ 80, 25, -90 ],
			"translation":  [ -3, -1, 2 ]
		},
		"gui": {
			"rotation":  [ 0, 180, 0 ],
			"translation":  [ 0, -2, 0 ],
			"scale":  [ 1.4, 1.4, 0.0001 ]
		},
		"head": {
			"rotation":  [ 7, 0, 0 ],
			"translation":  [ 0, 1, -0.5 ],
			"scale":  [ 1.88, 1.88, 1.88 ]
		},
		"fixed": {
			"translation":  [ 0, -2, 0 ],
			"scale":  [ 1.4, 1.4, 0.0001 ]
		}
	}
}