{
	"parent": "item/handheld",
	"textures": {
		"layer0": "item/carrot_on_a_stick"
	},
	"overrides": [
		{ "predicate": {"custom_model_data": 1001}, "model": "item/asphodel/cloud_in_a_bottle"},
		{ "predicate": {"custom_model_data": 1002}, "model": "item/asphodel/pegasus_feather"},
		{ "predicate": {"custom_model_data": 1003}, "model": "item/asphodel/magic_mirror"},
		{ "predicate": {"custom_model_data": 1004}, "model": "item/asphodel/soul_bell"},
		{ "predicate": {"custom_model_data": 1005}, "model": "item/asphodel/amulet"}
	]
}
