{
	"parent": "item/handheld",
	"textures": {
		"layer0": "item/experience_bottle"
	},
	"overrides": [
		{ "predicate": {"custom_model_data": 1001}, "model": "item/asphodel/unstable_essence_healing"},
		{ "predicate": {"custom_model_data": 1002}, "model": "item/asphodel/unstable_essence_damage"},
		{ "predicate": {"custom_model_data": 1003}, "model": "item/asphodel/unstable_essence_speed"},
		{ "predicate": {"custom_model_data": 1004}, "model": "item/asphodel/unstable_essence_resist"}
	]
}