{
	"parent": "item/handheld",
	"textures": {
		"layer0": "item/gold_ingot"
	},
	"overrides": [
		{ "predicate": {"custom_model_data": 1001}, "model": "item/asphodel/empty_capsule"},
		{ "predicate": {"custom_model_data": 1002}, "model": "item/asphodel/healing_capsule"},
		{ "predicate": {"custom_model_data": 1003}, "model": "item/asphodel/damage_capsule"},
		{ "predicate": {"custom_model_data": 1004}, "model": "item/asphodel/speed_capsule"},
		{ "predicate": {"custom_model_data": 1005}, "model": "item/asphodel/resist_capsule"}
	]
}