{
	"parent": "item/generated",
    "textures": {
        "layer0": "item/iron_chestplate"
	},
	"overrides": [
		{ "predicate": {"custom_model_data": 1001}, "model": "item/asphodel/iron_chestplate_healing"},
		{ "predicate": {"custom_model_data": 1002}, "model": "item/asphodel/iron_chestplate_damage"},
		{ "predicate": {"custom_model_data": 1003}, "model": "item/asphodel/iron_chestplate_speed"},
		{ "predicate": {"custom_model_data": 1004}, "model": "item/asphodel/iron_chestplate_resist"}
	]
}