{
	"credit": "Made with Blockbench, a free, modern block model editor by JannisX11",
	"textures": {
		"0": "new_mobs/shroud_2",
		"particle": "new_mobs/shroud_2"
	},
	"elements": [
		{
			"name": "steve_body",
			"from": [5, 0.5, 7],
			"to": [7, 6.5, 9],
			"faces": {
				"north": {"uv": [5.5, 10.5, 9.47969, 15.97969], "texture": "#0"},
				"east": {"uv": [5.5, 10.5, 9.47969, 15.97969], "texture": "#0"},
				"south": {"uv": [5.5, 10.5, 9.47969, 15.97969], "texture": "#0"},
				"west": {"uv": [5.5, 10.5, 9.47969, 15.97969], "texture": "#0"},
				"up": {"uv": [9.5, 10, 13.47969, 15.47969], "texture": "#0"},
				"down": {"uv": [5.5, 15, 8.97969, 15.97969], "texture": "#0"}
			}
		},
		{
			"name": "steve_body",
			"from": [9, -5.5, 7],
			"to": [11, 6.5, 9],
			"faces": {
				"north": {"uv": [5.5, 10.5, 9.47969, 15.97969], "texture": "#0"},
				"east": {"uv": [5.5, 10.5, 9.47969, 15.97969], "texture": "#0"},
				"south": {"uv": [5.5, 10.5, 9.47969, 15.97969], "texture": "#0"},
				"west": {"uv": [5.5, 10.5, 9.47969, 15.97969], "texture": "#0"},
				"up": {"uv": [9.5, 10, 13.47969, 15.47969], "texture": "#0"},
				"down": {"uv": [5.5, 15, 8.97969, 15.97969], "texture": "#0"}
			}
		},
		{
			"name": "steve_body",
			"from": [4, 6.5, 6],
			"to": [12, 18.5, 10],
			"faces": {
				"north": {"uv": [5.5, 5, 9.47969, 10.47969], "texture": "#0"},
				"east": {"uv": [5.5, 5, 9.47969, 6.47969], "texture": "#0"},
				"south": {"uv": [5.5, 5, 9.47969, 10.47969], "texture": "#0"},
				"west": {"uv": [5.5, 5, 9.47969, 10.47969], "texture": "#0"},
				"up": {"uv": [5.5, 5, 9.47969, 10.47969], "texture": "#0"},
				"down": {"uv": [5.5, 14.5, 9.47969, 15.97969], "texture": "#0"}
			}
		},
		{
			"name": "steve_right_arm",
			"from": [14, 6.5, -4],
			"to": [18, 12.5, 5],
			"rotation": {"angle": 45, "axis": "z", "origin": [16, 12.5, 3]},
			"faces": {
				"north": {"uv": [12, 1, 15.97969, 6.47969], "texture": "#0"},
				"east": {"uv": [12, 1, 15.97969, 6.47969], "texture": "#0"},
				"south": {"uv": [12, 1, 15.97969, 6.47969], "texture": "#0"},
				"west": {"uv": [12, 1, 15.97969, 6.47969], "texture": "#0"},
				"up": {"uv": [12, 1, 15.97969, 6.47969], "texture": "#0"},
				"down": {"uv": [12, 1, 15.97969, 6.47969], "texture": "#0"}
			}
		},
		{
			"name": "steve_right_arm",
			"from": [14, 6.5, 6],
			"to": [18, 18.5, 10],
			"rotation": {"angle": 45, "axis": "z", "origin": [16, 12.5, 8]},
			"faces": {
				"north": {"uv": [14.5, 1, 15.97969, 6.47969], "texture": "#0"},
				"east": {"uv": [14.5, 1, 15.97969, 6.47969], "texture": "#0"},
				"south": {"uv": [14.5, 1, 15.97969, 6.47969], "texture": "#0"},
				"west": {"uv": [14.5, 1, 15.97969, 6.47969], "texture": "#0"},
				"up": {"uv": [14.5, 1, 15.97969, 2.47969], "texture": "#0"},
				"down": {"uv": [14.5, 5, 15.97969, 6.47969], "texture": "#0"}
			}
		},
		{
			"name": "steve_right_arm",
			"from": [-2, 6.5, -4],
			"to": [2, 11.5, 5],
			"rotation": {"angle": -45, "axis": "z", "origin": [0, 12.5, 3]},
			"faces": {
				"north": {"uv": [12, 1, 15.97969, 6.47969], "texture": "#0"},
				"east": {"uv": [12, 1, 15.97969, 6.47969], "texture": "#0"},
				"south": {"uv": [12, 1, 15.97969, 6.47969], "texture": "#0"},
				"west": {"uv": [12, 1, 15.97969, 6.47969], "texture": "#0"},
				"up": {"uv": [12, 1, 15.97969, 6.47969], "texture": "#0"},
				"down": {"uv": [12, 1, 15.97969, 6.47969], "texture": "#0"}
			}
		},
		{
			"name": "steve_right_arm",
			"from": [-2, 6.5, 6],
			"to": [2, 18.5, 10],
			"rotation": {"angle": -45, "axis": "z", "origin": [0, 12.5, 8]},
			"faces": {
				"north": {"uv": [14.5, 1, 15.97969, 6.47969], "texture": "#0"},
				"east": {"uv": [14.5, 1, 15.97969, 6.47969], "texture": "#0"},
				"south": {"uv": [14.5, 1, 15.97969, 6.47969], "texture": "#0"},
				"west": {"uv": [14.5, 1, 15.97969, 6.47969], "texture": "#0"},
				"up": {"uv": [14.5, 1, 15.97969, 2.47969], "texture": "#0"},
				"down": {"uv": [14.5, 5, 15.97969, 6.47969], "texture": "#0"}
			}
		},
		{
			"name": "steve_head",
			"from": [4, 19, 4],
			"to": [12, 27, 12],
			"faces": {
				"north": {"uv": [3, 1, 6.97969, 4.97969], "texture": "#0"},
				"east": {"uv": [12, 1, 15.97969, 4.97969], "texture": "#0"},
				"south": {"uv": [12, 1, 15.97969, 4.97969], "texture": "#0"},
				"west": {"uv": [12, 1, 15.97969, 4.97969], "texture": "#0"},
				"up": {"uv": [12, 1, 15.97969, 4.97969], "texture": "#0"},
				"down": {"uv": [12, 1, 15.97969, 4.97969], "texture": "#0"}
			}
		}
	],
	"display": {
		"head": {
			"scale": [1.75, 1.75, 1.75],
			"translation": [0, -11.5, 0],
			"rotation": [-4, -1, 0]
		}
	},
	"groups": [0, 1, 2, 3, 4, 5, 6,
		{
			"name": "shroud_head_2",
			"isOpen": false,
			"shade": true,
			"display": {
				"visibility": true,
				"autouv": true
			},
			"children": [7]
		}
	]
}