{
	"credit": "Made with Blockbench, a free, modern block model editor by JannisX11",
	"textures": {
		"0": "new_mobs/shroud",
		"particle": "new_mobs/shroud"
	},
	"elements": [
		{
			"name": "steve_right_leg",
			"from": [4, -5.5, 6],
			"to": [8, 6.5, 10],
			"faces": {
				"north": {"uv": [12, 1, 13.97969, 6.47969], "texture": "#0"},
				"east": {"uv": [12, 1, 13.97969, 6.47969], "texture": "#0"},
				"south": {"uv": [12, 1, 13.97969, 6.47969], "texture": "#0"},
				"west": {"uv": [12, 1, 13.97969, 6.47969], "texture": "#0"},
				"up": {"uv": [12, 1, 13.97969, 6.47969], "texture": "#0"},
				"down": {"uv": [12, 4.5, 13.97969, 6.47969], "texture": "#0"}
			}
		},
		{
			"name": "steve_left_leg",
			"from": [8, -5.5, 6],
			"to": [12, 6.5, 10],
			"faces": {
				"north": {"uv": [16.01953, 1, 14.5, 6.47969], "texture": "#0"},
				"east": {"uv": [16.01953, 1, 14.5, 6.47969], "texture": "#0"},
				"south": {"uv": [16.01953, 1, 14.5, 6.47969], "texture": "#0"},
				"west": {"uv": [16.01953, 1, 14.5, 6.47969], "texture": "#0"},
				"up": {"uv": [16.01953, 1, 14.5, 6.47969], "texture": "#0"},
				"down": {"uv": [16, 4.5, 14.48047, 6.47969], "texture": "#0"}
			}
		},
		{
			"name": "steve_body",
			"from": [4, 6.5, 6],
			"to": [12, 18.5, 10],
			"faces": {
				"north": {"uv": [12, 1, 15.97969, 6.47969], "texture": "#0"},
				"east": {"uv": [12, 1, 15.97969, 6.47969], "texture": "#0"},
				"south": {"uv": [12, 1, 15.97969, 6.47969], "texture": "#0"},
				"west": {"uv": [12, 1, 15.97969, 6.47969], "texture": "#0"},
				"up": {"uv": [12, 1, 15.97969, 6.47969], "texture": "#0"},
				"down": {"uv": [12, 1, 15.97969, 6.47969], "texture": "#0"}
			}
		},
		{
			"name": "steve_right_arm",
			"from": [0, 6.5, 6],
			"to": [4, 18.5, 10],
			"faces": {
				"north": {"uv": [14.5, 1, 15.97969, 6.47969], "texture": "#0"},
				"east": {"uv": [14.5, 1, 15.97969, 6.47969], "texture": "#0"},
				"south": {"uv": [14.5, 1, 15.97969, 6.47969], "texture": "#0"},
				"west": {"uv": [14.5, 1, 15.97969, 6.47969], "texture": "#0"},
				"up": {"uv": [14.5, 1, 15.97969, 2.47969], "texture": "#0"},
				"down": {"uv": [14.5, 5, 15.97969, 6.47969], "texture": "#0"}
			}
		},
		{
			"name": "steve_left_arm",
			"from": [12, 6.5, 6],
			"to": [16, 18.5, 10],
			"faces": {
				"north": {"uv": [12, 1, 13.47969, 6.47969], "texture": "#0"},
				"east": {"uv": [12, 1, 13.47969, 6.47969], "texture": "#0"},
				"south": {"uv": [12, 1, 13.47969, 6.47969], "texture": "#0"},
				"west": {"uv": [12, 1, 13.47969, 6.47969], "texture": "#0"},
				"up": {"uv": [12, 1, 13.47969, 2.47969], "texture": "#0"},
				"down": {"uv": [12, 5, 13.47969, 6.47969], "texture": "#0"}
			}
		}
	],
	"display": {
		"head": {
			"scale": [1.6, 1.6, 1.6],
			"translation": [0, -21.5, 0],
			"rotation": [0, 180, 0]
		},
		"thirdperson_righthand": {
			"translation": [-6, -10.5, 12.5],
			"rotation": [-15, 0, 0]
		}
	}
}