{
    "textures": {
        "0": "mechanization:base/manual/background",
		"1": "mechanization:base/manual/page_1/text"
    },
	"display": {
		"firstperson_righthand": {
			"rotation": [ 0, 0, 0 ],
			"translation": [ -8, 8.5, 4 ],
			"scale": [ 4.0, 4.0, 4.0 ]
		}
	},
    "elements": [
        {
            "name": "Cube",
            "from": [ 0.0, 0.0, 0.0 ], 
            "to": [ 16.0, 16.0, 0.0 ], 
            "faces": {
                "south": { "texture": "#0", "uv": [ 0.0, 0.0, 16.0, 16.0 ] }
            }
        },
		{
            "name": "Text",
            "from": [ 1.0, 1.0, 0.01 ], 
            "to": [ 15.0, 15.0, 0.01 ], 
            "faces": {
                "south": { "texture": "#1", "uv": [ 0.0, 0.0, 16.0, 16.0 ] }
            }
        }
    ]
}
