{
    "textures": {
        "0": "mechanization:base/manual/background",
		"1": "mechanization:base/manual/page_69/text",
		"2": "mechanization:base/manual/page_69/recipe_1",
		"3": "mechanization:base/manual/page_69/recipe_2",
		"4": "mechanization:base/manual/page_69/recipe_3",
		"5": "mechanization:base/manual/page_69/recipe_4",
		"6": "mechanization:base/manual/page_69/recipe_5"
    },
	"display": {
		"firstperson_righthand": {
			"rotation": [ 0, 0, 0 ],
			"translation": [ -8, 8.5, 4 ],
			"scale": [ 4.0, 4.0, 4.0 ]
		}
	},
    "elements": [
        {
            "name": "Cube",
            "from": [ 0.0, 0.0, 0.0 ], 
            "to": [ 16.0, 16.0, 0.0 ], 
            "faces": {
                "south": { "texture": "#0", "uv": [ 0.0, 0.0, 16.0, 16.0 ] }
            }
        },
		{
            "name": "Text",
            "from": [ 0.5, 0.5, 0.01 ], 
            "to": [ 15.5, 15.5, 0.01 ], 
            "faces": {
                "south": { "texture": "#1", "uv": [ 0.0, 0.0, 16.0, 16.0 ] }
            }
        },
		{
            "name": "recipe_1",
            "from": [ 3.9, 8.2, 0.01 ], 
            "to": [ 7.9, 12.2, 0.01 ], 
            "faces": {
                "south": { "texture": "#2", "uv": [ 0.0, 0.0, 16.0, 16.0 ] }
            }
        },
		{
            "name": "recipe_2",
            "from": [ 8.0, 8.2, 0.01 ], 
            "to": [ 12.0, 12.2, 0.01 ], 
            "faces": {
                "south": { "texture": "#3", "uv": [ 0.0, 0.0, 16.0, 16.0 ] }
            }
        },
		{
            "name": "recipe_3",
            "from": [ 3.9, 5.2, 0.01 ], 
            "to": [ 7.9, 9.2, 0.01 ], 
            "faces": {
                "south": { "texture": "#4", "uv": [ 0.0, 0.0, 16.0, 16.0 ] }
            }
        },
		{
            "name": "recipe_4",
            "from": [ 8.0, 5.2, 0.01 ], 
            "to": [ 12.0, 9.2, 0.01 ], 
            "faces": {
                "south": { "texture": "#5", "uv": [ 0.0, 0.0, 16.0, 16.0 ] }
            }
        },
		{
            "name": "recipe_5",
            "from": [ 3.9, 2.2, 0.01 ], 
            "to": [ 7.9, 6.2, 0.01 ], 
            "faces": {
                "south": { "texture": "#6", "uv": [ 0.0, 0.0, 16.0, 16.0 ] }
            }
        }
    ]
}
