{
    "textures": {
        "0": "mechanization:base/manual/background",
		"1": "mechanization:base/manual/page_30/text",
		"2": "mechanization:base/manual/page_30/recipe_1",
		"3": "mechanization:base/manual/page_30/recipe_2",
		"4": "mechanization:base/manual/page_30/recipe_3"
    },
	"display": {
		"firstperson_righthand": {
			"rotation": [ 0, 0, 0 ],
			"translation": [ -8, 8.5, 4 ],
			"scale": [ 4.0, 4.0, 4.0 ]
		}
	},
    "elements": [
        {
            "name": "Cube",
            "from": [ 0.0, 0.0, 0.0 ], 
            "to": [ 16.0, 16.0, 0.0 ], 
            "faces": {
                "south": { "texture": "#0", "uv": [ 0.0, 0.0, 16.0, 16.0 ] }
            }
        },
		{
            "name": "Text",
            "from": [ 1.0, 1.0, 0.01 ], 
            "to": [ 15.0, 15.0, 0.01 ], 
            "faces": {
                "south": { "texture": "#1", "uv": [ 0.0, 0.0, 16.0, 16.0 ] }
            }
        },
		{
            "name": "recipe_1",
            "from": [ 1.25, 6.2, 0.01 ], 
            "to": [ 7.25, 12.2, 0.01 ], 
            "faces": {
                "south": { "texture": "#2", "uv": [ 0.0, 0.0, 16.0, 16.0 ] }
            }
        },
		{
            "name": "recipe_2",
            "from": [ 1.25, 1.5, 0.01 ], 
            "to": [ 7.25, 7.5, 0.01 ], 
            "faces": {
                "south": { "texture": "#3", "uv": [ 0.0, 0.0, 16.0, 16.0 ] }
            }
        },
		{
            "name": "recipe_3",
            "from": [ 8.0, 1.5, 0.01 ], 
            "to": [ 14.0, 7.5, 0.01 ], 
            "faces": {
                "south": { "texture": "#4", "uv": [ 0.0, 0.0, 16.0, 16.0 ] }
            }
        }
    ]
}
